name,Time
unit,ns
start,0.026041666666666668
stop,2.6171875
step,0.013020833333333332
